{
    "images": [
        {
            "file_name": "1.jpg",
            "caption": "cuong"
        },
        {
            "file_name": "2.jpg",
            "caption": "cuong"
        },
        {
            "file_name": "3.jpg",
            "caption": "cuong"
        },
        {
            "file_name": "4.jpg",
            "caption": "cuong"
        },
        {
            "file_name": "5.jpg",
            "caption": "cuong"
        },
        {
            "file_name": "6.jpg",
            "caption": "cuong"
        },
        {
            "file_name": "7.jpg",
            "caption": "cuong"
        },
        {
            "file_name": "8.jpg",
            "caption": "cuong"
        },
        {
            "file_name": "100.jpg",
            "caption": "a man smiling"
        },
        {
            "file_name": "101.jpg",
            "caption": "a man smiling"
        },
        {
            "file_name": "102.jpg",
            "caption": "a man smiling"
        },
        {
            "file_name": "103.jpg",
            "caption": "a man smiling"
        },
        {
            "file_name": "104.jpg",
            "caption": "a man smiling"
        }
    ]
}
